{"cameraMode":{"drawMode":0,"name":"Shaded","section":"Shading Mode"},"sceneLighting":false,"audioPlay":false,"sceneViewState":{"showFog":true,"showMaterialUpdate":false,"showSkybox":true,"showFlares":true,"showImageEffects":true,"showParticleSystems":true},"in2DMode":false,"pivot":{"x":19.787498474121095,"y":0.4018831253051758,"z":-23.6200008392334},"rotation":{"x":0.20419935882091523,"y":0.19671031832695008,"z":-0.041922397911548617,"w":0.9580450057983398},"size":4.242616176605225,"orthographic":false}