{"cameraMode":{"drawMode":0,"name":"Shaded","section":"Shading Mode"},"sceneLighting":false,"audioPlay":false,"sceneViewState":{"showFog":true,"showMaterialUpdate":false,"showSkybox":true,"showFlares":true,"showImageEffects":true,"showParticleSystems":true},"in2DMode":false,"pivot":{"x":19.842498779296876,"y":-0.008115768432617188,"z":-27.150001525878908},"rotation":{"x":0.20419935882091523,"y":0.19671031832695008,"z":-0.041922397911548617,"w":0.9580450057983398},"size":0.20686569809913636,"orthographic":false}