{"cameraMode":{"drawMode":0,"name":"Shaded","section":"Shading Mode"},"sceneLighting":false,"audioPlay":false,"sceneViewState":{"showFog":true,"showMaterialUpdate":false,"showSkybox":true,"showFlares":true,"showImageEffects":true,"showParticleSystems":true},"in2DMode":false,"pivot":{"x":19.839305877685548,"y":-0.00811612606048584,"z":-27.546001434326173},"rotation":{"x":0.20419935882091523,"y":0.19671031832695008,"z":-0.041922397911548617,"w":0.9580450057983398},"size":0.6207733154296875,"orthographic":false}