{"cameraMode":{"drawMode":0,"name":"Shaded","section":"Shading Mode"},"sceneLighting":false,"audioPlay":false,"sceneViewState":{"showFog":true,"showMaterialUpdate":false,"showSkybox":true,"showFlares":true,"showImageEffects":true,"showParticleSystems":true},"in2DMode":false,"pivot":{"x":2.353720188140869,"y":0.03356119245290756,"z":49.016334533691409},"rotation":{"x":0.2052098661661148,"y":-0.15601670742034913,"z":0.033156026154756549,"w":0.9656336903572083},"size":11.492311477661133,"orthographic":false}