{"cameraMode":{"drawMode":0,"name":"Shaded","section":"Shading Mode"},"sceneLighting":false,"audioPlay":false,"sceneViewState":{"showFog":true,"showMaterialUpdate":false,"showSkybox":true,"showFlares":true,"showImageEffects":true,"showParticleSystems":true},"in2DMode":false,"pivot":{"x":19.842498779296876,"y":0.4018840789794922,"z":-25.51000213623047},"rotation":{"x":0.20419935882091523,"y":0.19671031832695008,"z":-0.041922397911548617,"w":0.9580450057983398},"size":4.086232662200928,"orthographic":false}